Unnamed: 0.1,Unnamed: 0,ESPR,SDR - SI-SDR
0.json,0,0.8331121802330017,0.5066639824090657
1.json,1,0.8539264798164368,0.41487767725079294
2.json,2,0.8729413151741028,0.08286518657341713
3.json,3,0.7759792804718018,-35.05474293009865
4.json,4,0.8689417839050293,0.3228632688666941
5.json,5,0.8467534184455872,0.5922448922201067
6.json,6,0.8614099025726318,0.2420293175369501
7.json,7,0.8309018611907959,0.005940721281584516
8.json,8,0.8384950757026672,-0.16854147015337873
9.json,9,0.8247138261795044,0.15856802064824824
10.json,10,0.8053821921348572,2.3685283231071725
11.json,11,0.9557581543922424,0.7046883975122427
12.json,12,0.9760843515396118,2.679426257577532
13.json,13,0.903003990650177,2.1958519033735326
14.json,14,0.8547170758247375,0.4126637674995397
15.json,15,0.9037719964981079,1.1750295474507872
16.json,16,0.9215354919433594,1.2608996991427546
17.json,17,0.8817257285118103,0.495513349503625
18.json,18,0.9016472697257996,0.19867540497613406
19.json,19,0.9463851451873779,-1.0632757535467174
20.json,20,0.8380935192108154,0.24684052454800745
21.json,21,0.8578711152076721,0.38042807848077054
22.json,22,0.8710860610008241,0.4321137831599291
23.json,23,0.7725978493690491,0.9541734983412544
24.json,24,0.6341594457626343,1.3526823065738909
25.json,25,0.7095817923545837,0.2783941077907297
26.json,26,0.8115265369415283,0.367194969739872
27.json,27,0.7953906059265137,-29.65749373842024
28.json,28,65.38113403320311,35.963434426476326
29.json,29,0.8729024529457092,1.6079111698200341
30.json,30,0.8666703104972839,5.463172253349823
31.json,31,0.9088851809501648,0.15729334126818273
32.json,32,0.8657645583152771,0.8164046636739215
33.json,33,0.9264537692070008,-0.9254766018356309
34.json,34,0.9446146488189696,0.0009634607329509493
35.json,35,0.8527092933654785,0.9100877381882472
36.json,36,0.7858261466026306,0.7761803703836732
37.json,37,0.8616938591003418,0.3927338154423197
38.json,38,0.8894116282463074,0.5736196873881099
39.json,39,0.8798847794532776,1.3903713436106475
40.json,40,0.8152188062667847,0.6334768535710262
41.json,41,0.7899110913276672,1.6019881695311806
42.json,42,0.7090005874633789,1.8634686771481244
43.json,43,0.5226232409477234,1.90436847900328
44.json,44,0.5553816556930542,2.525321375571536
45.json,45,0.8124033808708191,0.16377204983563587
46.json,46,0.9061471223831176,0.8944495622587283
47.json,47,0.8349885344505309,-0.9909983207714568
48.json,48,0.9690632224082948,1.0750501559182437
49.json,49,0.9308261871337892,-0.026458632940835614
50.json,50,0.8886485099792479,0.8034002973859238
51.json,51,0.8753547668457031,0.523215394993322
52.json,52,0.9147186279296876,0.8326315173340886
53.json,53,0.8577019572257996,-0.1831010553365484
54.json,54,0.8312859535217285,0.5662437141822734
55.json,55,0.8312801122665405,0.7718020841390308
56.json,56,0.7892361283302307,0.8087026068488443
57.json,57,0.6268653869628906,2.4742718346517005
58.json,58,0.5334306359291077,1.6193225133956828
59.json,59,0.6528427004814148,3.637061520215152
60.json,60,0.8415563702583313,-0.2695892537742539
61.json,61,0.7690079212188721,0.9353115535590896
62.json,62,0.8498669266700745,1.5180867626085401
63.json,63,0.4926881790161133,1.8163457704243984
64.json,64,0.6377619504928589,0.9671164213476748
65.json,65,0.8203670382499695,2.444220762465921
66.json,66,0.8029695153236389,0.8336535139447143
67.json,67,0.8175603151321411,0.6597558224440636
68.json,68,0.8221055865287781,0.4608538291847939
69.json,69,0.5688697099685669,3.9124800221963727
70.json,70,0.5147252678871155,1.8360219496743768
71.json,71,0.6492072939872742,1.6282091170235935
72.json,72,0.8294406533241272,0.7501543839383018
73.json,73,0.8032232522964478,0.5543089102724164
74.json,74,0.7516006231307983,1.4994045780753424
75.json,75,0.5260894298553467,2.0083735207619733
76.json,76,0.5562447905540466,1.0611922612764713
77.json,77,0.7357920408248901,0.8404173776940072
78.json,78,0.9241322875022888,0.5684994308024596
79.json,79,0.9204266667366028,0.5328485226990161
80.json,80,0.8913603425025941,0.5736448966205661
81.json,81,0.8569422960281372,-0.4513592346942748
82.json,82,0.8693677186965942,0.18810108649644874
83.json,83,0.889490008354187,0.54246736251846
84.json,84,0.8813164830207825,0.266987738769485
85.json,85,0.862964928150177,0.03670394387748388
86.json,86,0.8597900867462158,-0.6588476720517633
87.json,87,0.9083060026168824,0.16380458200724224
88.json,88,0.00729541527107358,9.661724839391374
89.json,89,0.8768153190612793,0.5564874532778585
90.json,90,0.8582302331924438,1.182909735732462
91.json,91,0.8546630740165709,0.4969886600179567
92.json,92,0.8484067916870117,-0.17623658073236648
93.json,93,0.9061779379844666,0.013847721940743796
94.json,94,0.9002564549446106,0.17923666613150147
95.json,95,0.8317574262619019,0.1989813344265885
96.json,96,0.8393247127532959,0.8717386230334974
97.json,97,0.8500375747680664,-0.8809583788077306
98.json,98,0.6347164511680603,-4.753521224650968
99.json,99,0.9073053002357484,1.9453755324574256
100.json,100,0.9350897073745728,1.4640604399573682
101.json,101,0.8707998991012573,0.08200011037152866
102.json,102,0.8846997618675232,0.1121257278643375
103.json,103,0.8622984290122986,0.6896075620297317
104.json,104,0.8432438969612122,0.5004002390491156
105.json,105,0.878412127494812,-0.07300747739341595
106.json,106,0.8523236513137817,0.4956603542864002
107.json,107,0.878447413444519,0.3497637488541887
108.json,108,0.8521235585212708,1.2683161246672372
109.json,109,0.8521982431411743,0.9130584403715148
110.json,110,0.8782196640968323,0.9785545577153236
111.json,111,0.8716197013854979,0.4908643288673211
112.json,112,0.8329651355743408,-0.09240529642651474
113.json,113,0.7884206175804138,0.5738490907764957
114.json,114,0.8205639123916626,0.5553799709891987
115.json,115,0.8021368980407715,0.7472375070840505
116.json,116,0.8991235494613647,0.8102375803996207
117.json,117,0.8473861217498779,2.1545609948832958
118.json,118,0.8386385440826416,3.2934499824346117
119.json,119,0.8701139688491821,0.9991038176112887
120.json,120,0.8865923285484314,-0.2984501054494641
121.json,121,0.96120947599411,-1.9145834834270783
122.json,122,0.9027059078216552,0.4318800379115224
123.json,123,0.7513266801834106,2.145277702224736
124.json,124,0.7530267834663391,2.68409016949271
125.json,125,0.8690244555473328,0.07757709949079405
126.json,126,0.8076804280281067,0.9028366886212592
127.json,127,0.8302885890007019,3.2502900586323253
128.json,128,0.9001592993736267,-0.2549263825117816
129.json,129,0.9131369590759276,-0.8506465466676296
130.json,130,0.9150028228759766,2.7479384889084564
131.json,131,0.8920435309410095,1.9392165535327743
132.json,132,0.9802901148796082,1.3495491244113609
133.json,133,0.9727228283882141,0.7240289965730176
134.json,134,1.0225908756256104,1.1865921593579944
135.json,135,0.8905777335166931,0.7024733026850251
136.json,136,0.9980461001396179,0.6864750896538814
137.json,137,1.1250238418579102,-0.6993318185963213
138.json,138,0.8223358988761902,1.8427871624861627
139.json,139,0.7869436144828796,-0.974666218941044
140.json,140,0.9401792883872986,2.16128013953654
141.json,141,0.8293371200561523,3.582831596994924
142.json,142,0.8530814647674559,3.7447225281010468
143.json,143,0.8449985980987549,-0.25597761021038323
144.json,144,0.8637294769287109,1.8191496379207628
145.json,145,0.9265881180763244,1.1553670115930943
146.json,146,0.8678046464920044,4.39466934731116
147.json,147,0.7778174877166748,2.334852164046545
148.json,148,0.8785586953163147,0.8595786044770808
149.json,149,0.8041226267814636,3.672847043366131
150.json,150,0.8806802034378052,0.679061294732856
151.json,151,0.9365983605384828,0.2759752710924559
152.json,152,0.8409243822097778,0.6231370936306879
153.json,153,1.119024634361267,-2.974103260715018
154.json,154,0.8553632497787476,-1.5745127846734508
155.json,155,0.5964028835296631,0.9498721016676664
156.json,156,0.5547151565551758,2.0572448525398834
157.json,157,0.4739393293857575,2.097094125723279
158.json,158,0.4279999434947968,1.8867645936740227
159.json,159,0.542847216129303,1.2125864816514151
160.json,160,0.8111250996589661,0.7416181217903395
161.json,161,0.8051022291183472,0.5163438993275964
162.json,162,0.7339777946472168,0.8045257813003097
163.json,163,0.8441764116287231,0.2314278308873412
164.json,164,0.8636860847473145,0.9740397079773722
165.json,165,0.8051748871803284,1.428141983300069
166.json,166,0.8217333555221558,0.6664660523338384
167.json,167,0.7800912857055664,0.6391773463354724
168.json,168,0.7977276444435121,-0.9044580672515216
169.json,169,0.7543154954910278,0.7056991777037123
170.json,170,0.6981582641601562,0.2221789891478405
171.json,171,0.5834475755691528,2.015697022527413
172.json,172,0.5082535743713379,1.1306824291562985
173.json,173,0.35931897163391113,2.4546075592073846
174.json,174,0.43595626950263977,2.6021016462106683
175.json,175,0.4115561246871948,1.1172823009909156
176.json,176,0.22228670120239247,-16.08235143322463
177.json,177,0.9338417649269104,0.2988638754453614
178.json,178,0.8610034584999084,0.8939743982749562
179.json,179,0.8123044371604919,0.7491403938375321
180.json,180,0.08848202228546143,5.502970371612951
181.json,181,121.46490478515624,20.152063054308964
182.json,182,0.96328467130661,2.7046751982622865
183.json,183,0.9425192475318908,1.0521146122411746
184.json,184,0.8650808334350586,2.205367308224852
185.json,185,0.90418940782547,0.8082706811737275
186.json,186,0.7678531408309937,1.6742564944900802
187.json,187,0.5957781672477722,0.6750515404578235
188.json,188,0.4537796974182129,1.7718932429553913
189.json,189,0.4521989226341248,2.7411447829901814
190.json,190,0.3770455420017241,1.7579057745474005
191.json,191,0.06968563050031662,4.532562433387118
192.json,192,119.5869140625,45.250695101281615
193.json,193,0.5574787855148315,3.0313785992071995
194.json,194,0.3834262788295746,1.93672534131326
195.json,195,0.06412403285503387,-1.1464574906976193
196.json,196,0.9657822847366332,0.05097518676011248
197.json,197,0.936907947063446,0.4077480259127597
198.json,198,0.9144435524940492,0.29741645061241506
199.json,199,0.9329767227172852,1.4273918240450882
200.json,200,0.9620764851570128,1.6376690753052523
201.json,201,0.9140997529029846,0.25795121352791384
202.json,202,0.8998602628707886,0.3168323311184213
203.json,203,0.8945194482803345,0.7385903844657502
204.json,204,0.8975475430488586,0.018657398614539744
205.json,205,0.896144688129425,-0.07580201127792563
206.json,206,0.9241186380386353,0.6935144504533426
207.json,207,0.9382067918777466,0.04750081356707092
208.json,208,0.9565908908843994,0.6385825400602769
209.json,209,0.9031975269317628,-0.02945348033743756
210.json,210,0.8994614481925964,0.6814572873631111
211.json,211,0.9185781478881836,1.0249922180703577
212.json,212,0.9355832934379578,1.7079142324358312
213.json,213,0.90976220369339,-0.07584245487830188
214.json,214,0.9027298092842102,0.6356430609904375
215.json,215,0.8730576634407043,0.14634353514523646
216.json,216,0.8410757780075073,0.2994496287943331
217.json,217,0.9335123300552368,-18.19120059829497
218.json,218,0.8876144289970398,0.7626603435114667
219.json,219,0.8101314902305603,1.0850606715667084
220.json,220,0.8197448849678041,0.3051755183736642
221.json,221,0.9156769514083862,0.18743252616091688
222.json,222,0.9246448874473572,0.5956568322435896
223.json,223,0.9100564122200012,-0.020480886195933586
224.json,224,0.9209622144699096,0.0675571889668749
225.json,225,0.9007070660591125,0.32596685145512794
226.json,226,0.908207893371582,0.9233512802105841
227.json,227,0.9029843211174012,0.5521263147400752
228.json,228,0.8656738996505737,0.2095478364516304
229.json,229,0.9094388484954834,0.169948247682445
230.json,230,0.7846240997314453,-0.2513839449851485
231.json,231,0.8724624514579773,-1.7438373495065305
232.json,232,0.9033352136611938,1.6834789410034183
233.json,233,0.8796752691268921,2.488424061420816
234.json,234,0.8153145909309387,0.693998775391413
235.json,235,0.6479356288909912,2.084719030709775
236.json,236,0.5153142809867859,2.2966836848152385
237.json,237,0.4889665246009826,3.1889253751416677
238.json,238,0.6769616603851318,-7.349851979736176
239.json,239,0.5565655827522278,1.419273911658423
240.json,240,0.6444650292396545,-0.9447194203707232
241.json,241,0.6286787390708923,2.4483835213731293
242.json,242,0.6633604764938354,3.3097299870199013
243.json,243,0.6554036140441895,2.2213168944242208
244.json,244,0.6583003401756287,1.9578933472811009
245.json,245,0.5085336565971375,2.7295888889455777
246.json,246,0.4605231881141663,2.9681485280368336
247.json,247,1.2155317068099976,41.52975085997199
248.json,248,0.5302674174308777,2.2575560760329565
249.json,249,0.4977169930934906,3.3383472898742514
250.json,250,0.40630480647087097,3.4030698665394623
251.json,251,0.34872475266456604,3.234091365194712
252.json,252,0.472644716501236,2.9708844425368173
253.json,253,0.4551870822906494,3.0678902291524404
254.json,254,0.3632736504077912,4.20156353795982
255.json,255,0.2772891521453857,5.417210612064348
256.json,256,0.4143382608890533,3.988155776459577
257.json,257,0.5234789848327637,3.912133274296312
258.json,258,0.3347532749176025,4.380446511466063
259.json,259,0.2072957158088684,6.614429670409048
260.json,260,0.9662119746208192,8.453227187944808
261.json,261,0.9356571435928344,0.3136532763955291
262.json,262,0.9621275663375854,-0.07776438215601368
263.json,263,0.9624766707420348,1.2588722607728489
264.json,264,0.9116929173469543,0.5025258717734822
265.json,265,0.9123087525367736,0.888103360071792
266.json,266,0.910625457763672,1.199676032832743
267.json,267,0.8479403853416443,0.5030033306839989
268.json,268,0.7374440431594849,0.8383544780046241
269.json,269,0.9109312295913696,1.1057183905977723
270.json,270,0.8610666990280151,1.3996993158850308
271.json,271,0.9511996507644652,2.8781291534604208
272.json,272,1.3432456254959106,0.705130121094871
273.json,273,0.9528712630271912,1.298632195409592
274.json,274,0.9400922060012816,1.5193937796404509
275.json,275,0.9351693987846376,-0.22404006790283584
276.json,276,0.924477517604828,0.9326597498189048
277.json,277,0.8104395270347595,0.6323283624672937
278.json,278,0.8774230480194092,0.35814630826574234
279.json,279,0.8787717223167419,0.7150669490583512
280.json,280,0.8728590607643127,0.9320846462860908
281.json,281,0.861270546913147,0.8334667691829107
282.json,282,1.0242232084274292,0.011433808664447652
283.json,283,0.8039837479591371,0.7967848757161695
284.json,284,0.8446929454803467,0.6067746309924029
285.json,285,0.8770204186439514,1.1562749663845144
286.json,286,0.8814002275466919,0.7166280112764412
287.json,287,0.948276937007904,0.8265589234659831
288.json,288,0.9066580533981324,0.5741556361761351
289.json,289,0.8423124551773071,1.092455680096467
290.json,290,0.8114446997642517,0.9071099213039879
291.json,291,0.7231909036636353,1.7134126051766798
292.json,292,0.9017168879508972,0.8149070088349273
293.json,293,0.94798344373703,1.5138437508476337
294.json,294,0.8519232273101807,0.10873092665318572
295.json,295,0.8003844618797302,1.1842572472729185
296.json,296,0.8607244491577148,0.14524930555735427
297.json,297,0.8718427419662476,0.9063171923863108
298.json,298,0.8381554484367371,0.9702168108647315
299.json,299,0.8281865119934082,0.9846074083918211
300.json,300,0.8002691864967346,2.865624651507328
301.json,301,0.8031376004219055,2.051139695805329
302.json,302,0.8758398294448853,2.5491866684062265
303.json,303,0.905345380306244,1.6809467835099428
304.json,304,0.8099627494812012,2.405303302437209
305.json,305,0.8619222640991211,2.1206277618245983
306.json,306,0.9012201428413392,2.935730764708202
307.json,307,0.8450327515602112,2.7153184725188955
308.json,308,1.0653802156448364,2.5392287962032927
309.json,309,0.8879328966140747,-1.3026566427718649
310.json,310,0.12320677936077118,59.69790088479929
311.json,311,0.8864512443542479,1.2496541084514687
312.json,312,0.8776867389678955,1.1238488300979317
313.json,313,0.8895925879478455,0.9393680409253048
314.json,314,0.8563358187675476,0.9255556996625902
315.json,315,0.8103691339492798,0.9707956947923708
316.json,316,0.79546719789505,0.6670366220970765
317.json,317,0.8501074314117432,1.2754835461023823
318.json,318,0.7982956767082214,2.2528925780683187
319.json,319,0.7981579899787903,2.105738253088192
320.json,320,0.7823238372802734,3.22173416348227
321.json,321,0.8142955303192139,2.5874332326134275
322.json,322,0.942483365535736,2.8356583362740566
323.json,323,0.9121585488319396,2.548297342887585
324.json,324,0.9232118129730223,2.9938928802493607
325.json,325,0.8666815161705017,2.769860234896035
326.json,326,0.992936670780182,2.0418342526667983
327.json,327,1.1994041204452517,2.711408675599209
328.json,328,1.4157413244247437,3.9015406326808417
329.json,329,0.8714099526405334,3.3785181736630445
330.json,330,0.7769679427146912,2.6262465079703547
331.json,331,0.9011263251304626,2.142971377291375
332.json,332,0.853322446346283,2.0933391968326482
333.json,333,0.7164368033409119,2.7488965831969074
334.json,334,0.678570032119751,2.3897497215361074
335.json,335,0.8757750988006592,4.605220031571192
336.json,336,0.7218954563140869,1.5838190377423669
337.json,337,0.6982418894767761,1.5565010023916637
338.json,338,0.7092317342758179,1.3700266503659309
339.json,339,0.7020078897476196,0.28686654355857666
340.json,340,1.0647495985031128,7.896169674084506
341.json,341,0.9580589532852172,0.6794859049303987
342.json,342,0.800423264503479,1.0110130227813077
343.json,343,0.7219136357307434,0.9506152333303356
344.json,344,0.7497635483741759,1.6106904042574026
345.json,345,0.7962446808815002,0.24312033919578105
346.json,346,0.6799129247665405,1.1511319328493688
347.json,347,0.7304418087005615,1.9735387576944408
348.json,348,0.696159303188324,2.4237019796859087
349.json,349,0.7185077071189879,1.6692271874543048
350.json,350,0.7267247438430786,2.0826101521056506
351.json,351,0.495738297700882,1.9807801111723624
352.json,352,0.4977521300315857,2.9302271824782906
353.json,353,0.4173172414302826,3.7042088080044615
354.json,354,0.4670751392841339,2.40111378768646
355.json,355,0.5635052323341371,-0.9422611594375144
356.json,356,0.13592371344566345,15.006135242267668
357.json,357,0.5739340782165527,1.8494935495275449
358.json,358,0.6199195384979248,1.7858942841914356
359.json,359,0.5841639637947083,2.3213593408051603
360.json,360,0.5329129695892334,2.959712459999647
361.json,361,0.6390092968940735,1.1600648779760006
362.json,362,0.5020359158515929,1.4265324963232686
363.json,363,0.4854623079299927,1.6055244240028292
364.json,364,0.4175367951393128,2.701028453965661
365.json,365,0.5558783411979675,1.599124650569185
366.json,366,0.5790106058120728,1.961839297881692
367.json,367,0.5068216919898987,1.0262123184687186
368.json,368,0.4919719696044922,0.10080672123103056
369.json,369,0.9769271612167358,0.7378536277589179
370.json,370,0.9705187678337096,2.2960845658211326
371.json,371,0.9833170175552368,-0.07552080795937499
372.json,372,0.9842832088470459,0.2874414929104496
373.json,373,0.9737338423728944,1.1811604544387606
374.json,374,0.9292382001876832,-0.17480830419821736
375.json,375,0.9175589680671692,0.4972765835976621
376.json,376,0.8519019484519958,-0.24353267629618625
377.json,377,0.8550390005111694,0.18591709740163245
378.json,378,0.8917131423950195,0.7223782461252419
379.json,379,0.9118358492851256,1.0829711849152623
380.json,380,0.8926485180854797,1.089356428459627
381.json,381,1.1558277606964111,6.9759394761232425
382.json,382,1.4813859462738037,-3.3420197614546048
383.json,383,0.9128514528274536,0.19959776442853008
384.json,384,0.9450566172599792,-0.2608015061749356
385.json,385,0.974146008491516,0.2946324756940015
386.json,386,0.962674915790558,-1.8236092562386403
387.json,387,0.8769227266311646,-2.0805463869958354
388.json,388,0.9132239818572998,0.13625754364666065
389.json,389,0.960603415966034,-0.7889117068533498
390.json,390,0.9783639311790466,0.1391026297121023
391.json,391,0.910194993019104,0.16992803784182264
392.json,392,0.8527945876121521,0.6723733560793264
393.json,393,0.8463367223739624,1.0083711252427
394.json,394,0.8882299065589905,0.4322223605277671
395.json,395,0.8563413619995117,0.3406711457058442
396.json,396,0.8716194033622742,0.954198995895016
397.json,397,0.91816908121109,0.8343853693531678
398.json,398,0.9819650650024414,-0.2821562849442909
399.json,399,0.9928209781646729,0.4718857307619828
400.json,400,0.9753764271736144,0.7483515641788596
401.json,401,0.9510911703109741,-0.12598189322670986
402.json,402,0.9200403094291688,0.44624953187288696
403.json,403,0.8971536755561829,0.12477223747147725
404.json,404,0.8865195512771606,1.0218952620314
405.json,405,0.882868766784668,0.3613166713097078
406.json,406,0.8647704124450684,1.2781216003880111
407.json,407,0.8710522055625916,1.032386661392433
408.json,408,0.8573166728019714,0.40695802142413307
409.json,409,0.8942379355430603,0.31872453834497705
410.json,410,0.911526083946228,0.6448931181748847
411.json,411,0.9016896486282348,0.7886845511534339
412.json,412,0.8421220183372498,0.9148784714461816
413.json,413,0.8034557700157166,1.0689211283798208
414.json,414,0.8252121806144714,0.6637866767655698
415.json,415,0.8444288969039917,-0.20577969067651392
416.json,416,0.8638526201248169,1.2561791246160678
417.json,417,0.9706939458847046,0.06892718098070727
418.json,418,0.9779068231582642,2.690622365999938
419.json,419,1.171838641166687,2.918085069788165
420.json,420,0.9849374294281006,0.8344153246431132
421.json,421,0.9222280979156494,0.7778590665281531
422.json,422,0.9947705268859864,1.2535510521479134
423.json,423,1.4343749284744265,3.7427478771865017
424.json,424,0.8054874539375305,1.6623493247953949
425.json,425,0.7100352048873901,1.7906200316228125
426.json,426,0.7462199926376343,2.377469307099032
427.json,427,0.8621055483818054,2.569490509219768
428.json,428,1.019078493118286,0.4945681721972504
429.json,429,1.0720927715301514,0.511211658023841
430.json,430,0.9137137532234192,1.3076220446238729
431.json,431,0.945318877696991,1.1696946508960109
432.json,432,0.9665235280990601,0.6453611965203478
433.json,433,0.9997564554214478,0.14833716236089778
434.json,434,0.9867626428604126,3.115889762246362
435.json,435,0.8521541357040405,0.7508100436756315
436.json,436,0.4138724803924561,-8.957542947792668
437.json,437,0.981717586517334,0.059128179754765135
438.json,438,0.9128124117851256,0.12353438080318925
439.json,439,0.8565986752510071,0.6563285405723533
440.json,440,0.845079243183136,0.669817269139239
441.json,441,0.905454397201538,1.317145063469562
442.json,442,0.9252941608428956,0.01617294534340097
443.json,443,0.9975622296333312,-0.4268895392634775
444.json,444,0.9404917359352112,1.3879034443297318
445.json,445,0.9159526228904724,1.2510983460763576
446.json,446,0.8730130791664124,-3.995234105361381
447.json,447,0.9747821092605592,-0.6812211156532602
448.json,448,0.9399330019950868,-0.15549524138714155
449.json,449,0.8901364207267761,0.9305888892234612
450.json,450,0.8739979863166809,1.2732256870272654
451.json,451,0.8998713493347168,0.49996008581240403
452.json,452,0.95383483171463,0.3373536269012387
453.json,453,0.9451261162757874,0.4221081031075382
454.json,454,0.9432559609413148,1.659552048804394
455.json,455,0.858810305595398,1.2476225356093833
456.json,456,0.670294463634491,2.3519713021062287
457.json,457,0.6423113942146301,-0.03343899868070998
458.json,458,0.9366724491119384,0.3585644420859211
459.json,459,0.925251841545105,0.4387923296486953
460.json,460,0.7558643817901611,0.4777602664285458
461.json,461,0.7794188857078552,0.7467278662890102
462.json,462,0.7791169881820679,0.9096916175263904
463.json,463,0.7308535575866699,0.2833042551907239
464.json,464,0.6278167366981506,1.8994647249069905
465.json,465,0.5891367197036743,1.4157257734461963
466.json,466,0.6403098106384277,0.061088780942244014
467.json,467,0.6586334705352783,1.2723639844667547
468.json,468,0.6926783323287964,1.127474565992494
469.json,469,0.7268137931823729,0.15968931631814698
470.json,470,0.7020317912101746,-0.02519735139748569
471.json,471,0.6131357550621033,1.1005729821114976
472.json,472,0.657742977142334,0.7466445850279522
473.json,473,0.6184825301170349,0.6683768531027541
474.json,474,0.6030125617980957,-0.004520571302084164
475.json,475,0.7547522187232971,0.7038105812419371
476.json,476,0.7455534338951111,1.1943022113363793
477.json,477,0.8349968194961548,-0.5080137775388263
478.json,478,0.8292236924171448,-0.2054331490918191
479.json,479,0.748062014579773,1.1436140417319551
480.json,480,0.8017221093177795,0.7373962080193106
481.json,481,0.7393746376037598,-0.4842342557127326
482.json,482,0.7313109040260315,0.8930285480911913
483.json,483,0.7737458348274231,1.039642248148347
484.json,484,0.5927751064300537,1.8067040779891563
485.json,485,0.5664065480232239,1.4219131636594495
486.json,486,0.5928249359130859,1.5376528360010249
487.json,487,0.6212455630302429,1.6041445521685462
488.json,488,0.6046119332313538,1.5258906480784091
489.json,489,0.5849371552467346,1.3884484399046153
490.json,490,0.30136242508888245,-18.9259015663255
491.json,491,0.9289303421974182,1.4727495374229818
492.json,492,0.774047315120697,0.07356945437621931
493.json,493,0.8386718034744263,0.3345987598212865
494.json,494,0.8708041906356812,0.6639942514508785
495.json,495,0.8834241032600403,-0.6994574080658857
496.json,496,0.8318675756454468,-0.30724487464091604
497.json,497,0.7718324065208435,1.0667337565469976
498.json,498,0.7608632445335388,0.7949503477597037
499.json,499,0.7523827552795409,1.199087812455387
500.json,500,0.8473321199417114,2.0486399033026492
501.json,501,0.8188439607620239,1.671486725823245
502.json,502,0.7691509127616882,0.8898843727086819
503.json,503,0.7879266142845154,0.8715242014793994
504.json,504,0.7241131067276001,3.8032627836822295
505.json,505,0.5033581256866455,2.941287777292793
506.json,506,0.5244712233543396,1.4928495565091815
507.json,507,0.5840612649917603,2.2725600478364716
508.json,508,0.4644697308540344,1.9568730823535057
509.json,509,0.4979307949542999,1.9581434174611136
510.json,510,0.4846613705158234,1.821726398173605
511.json,511,0.5733455419540405,1.6402846978950991
512.json,512,0.5450133681297302,1.0424420633023357
513.json,513,0.6298350095748901,1.3549608388517864
514.json,514,0.7830889821052551,1.7423191637313875
515.json,515,0.8622509837150574,1.4148154096352723
516.json,516,0.8782904744148254,2.2985650842570378
517.json,517,0.8463454246520996,-0.7923590620233405
518.json,518,0.9136006832122804,-0.06775606122512112
519.json,519,0.9195191264152528,0.08288756030878641
520.json,520,0.819459080696106,0.7028542926048731
521.json,521,0.8383440375328064,2.09280651874702
522.json,522,0.7650907635688782,-0.3318824390713955
523.json,523,0.7501000761985779,1.0345250512827064
524.json,524,0.7757109999656677,1.0709819651026704
525.json,525,0.8320494294166565,3.0814329785194885
526.json,526,0.8241878747940063,1.2423717757324777
527.json,527,0.7166041135787964,1.6339827754529883
528.json,528,0.7410889863967896,1.2276200703524696
529.json,529,0.7382342219352722,2.09891605596134
530.json,530,0.6105214357376099,3.2401821332987657
531.json,531,0.4674795269966126,2.6668093935369903
532.json,532,0.567123532295227,1.4306996581517897
533.json,533,0.6120282411575317,1.2691510645190476
534.json,534,0.5070880055427551,1.8133290611424724
535.json,535,0.512448787689209,2.384656851049309
536.json,536,0.5108639001846313,2.035983858552408
537.json,537,0.5980745553970337,2.108334333501455
538.json,538,0.712424099445343,4.9829256651455385
539.json,539,1.5671374797821045,3.1933112708432163
540.json,540,0.4819227755069733,1.4000941434498917
541.json,541,0.4085738956928253,1.3498384721922991
542.json,542,0.4669967591762543,1.4166548341429053
543.json,543,0.4528577029705048,1.91643275467536
544.json,544,0.5098015069961548,1.0325022164205908
545.json,545,0.5599934458732605,2.146041642571846
546.json,546,0.553658127784729,2.8776497786164708
547.json,547,0.3651738166809082,2.8144884298589368
548.json,548,0.9037631154060364,0.6324030937565794
549.json,549,0.8669070601463318,1.110472190228318
550.json,550,0.8836220502853394,1.7560465107474217
551.json,551,0.9429529905319214,0.30643238023830605
552.json,552,0.5525875687599182,-13.844937337095873
553.json,553,0.8464558124542236,1.3009239805363402
554.json,554,0.8479321002960205,1.3090365237809038
555.json,555,0.8328608274459839,1.3427234770843577
556.json,556,0.8661854267120361,1.401630719563259
557.json,557,0.8882160186767578,1.3332604824344871
558.json,558,0.9348486065864564,1.2527728946750276
559.json,559,0.9580255150794984,-0.9713765585162912
560.json,560,0.7375783920288086,-11.671102393496422
561.json,561,0.8414747714996338,1.2178188975635051
562.json,562,0.8639276623725891,1.8164326931285157
563.json,563,0.5918960571289062,1.306989168811542
564.json,564,0.8790031671524048,1.9113179466588817
565.json,565,0.6542977690696716,2.131066090796836
566.json,566,0.1896071583032608,6.861629602587207
567.json,567,0.8168662190437317,1.476852616720659
568.json,568,0.8373221158981323,1.239209527388469
569.json,569,0.795932412147522,1.4576072724697746
570.json,570,0.7755481004714966,1.5523903777061725
571.json,571,0.8701019287109375,1.4122834822280916
572.json,572,0.9264084100723268,1.6257828552956202
573.json,573,0.9807892441749572,0.7319667795317213
574.json,574,0.5287511348724365,2.5125302912700147
575.json,575,0.7936254739761353,1.4370156025547909
576.json,576,0.8473610877990723,1.2833750649847593
577.json,577,0.9273453950881958,0.7853799219201418
578.json,578,0.8892611265182495,-4.3935369647781215
579.json,579,0.7740191221237183,2.0990829225964482
580.json,580,0.8585538864135742,-0.4450363060274967
581.json,581,0.9784287214279176,-17.978354710898273
582.json,582,inf,
583.json,583,0.7638123035430908,1.1993456937134876
584.json,584,0.7468925714492798,1.1852217117595174
585.json,585,0.7841527462005615,1.0382827277544129
586.json,586,0.8096505403518677,0.8657720252542305
587.json,587,0.8105264902114868,0.3372952345677911
588.json,588,0.8559012413024902,-4.296381978072732
589.json,589,0.8414329886436462,1.1679216433789072
590.json,590,0.8630648851394653,0.88891795581866
591.json,591,0.8101771473884583,0.7196219307712957
592.json,592,0.005467845126986504,6.710147164422151
593.json,593,0.8336314558982849,0.7465384387819052
594.json,594,0.8909438848495483,0.7173783648191145
595.json,595,0.8744515776634216,1.284058480472864
596.json,596,0.8144886493682861,1.4868521317410819
597.json,597,0.7758860588073729,0.9026194380901904
598.json,598,0.7954316139221191,1.11799299561691
599.json,599,0.7979658246040344,1.0146860624471152
600.json,600,0.8369801640510559,1.025721803041204
601.json,601,0.8292141556739807,0.6067182386830936
602.json,602,0.8647070527076721,0.08828273322246094
603.json,603,inf,
604.json,604,0.8871756196022034,0.9445660608336386
605.json,605,0.9028875231742859,1.7929916865234024
606.json,606,0.9310033917427064,-0.2752885147231172
607.json,607,inf,
608.json,608,0.8135337233543396,0.9724537410054399
609.json,609,0.8351544141769409,1.1209569816357998
610.json,610,0.8055138587951659,1.9376768485039049
611.json,611,0.547907829284668,-0.8227817292317818
612.json,612,0.8615899085998535,-1.874485885231234
613.json,613,0.8463951349258423,-2.2975692840905007
614.json,614,0.9417166709899902,1.8819846408832848
615.json,615,0.7837660908699036,0.98654182648679
616.json,616,0.7358015179634094,1.1514289689597046
617.json,617,0.8298357725143433,0.8245884821716727
618.json,618,0.8674811124801636,0.9355080063472077
619.json,619,0.5526134371757507,-0.19453882234537576
620.json,620,0.495690643787384,10.457989255268616
621.json,621,0.9239429235458374,2.3317571147170923
622.json,622,0.746490478515625,0.3811352635874039
623.json,623,0.7152702212333679,1.354880100606367
624.json,624,0.7735518217086792,1.1722390030669558
625.json,625,0.7854902148246765,1.7563499877264448
626.json,626,0.552899956703186,1.9933423236929173
627.json,627,0.5391644239425659,1.8143228762746555
628.json,628,0.5810523629188538,2.8886305230575915
629.json,629,0.5355473160743713,1.8036877547333383
630.json,630,0.936458945274353,1.732331042043843
631.json,631,9556.1298828125,13.207905918181545
632.json,632,0.8101027011871338,1.8312426171426992
633.json,633,0.7814033627510071,1.3165949292086507
634.json,634,0.8563371300697327,0.9031690480916276
635.json,635,0.8050972819328308,1.0460872766327205
636.json,636,0.8081172108650208,0.22536729904228905
637.json,637,0.8383268713951111,-0.47340558474808603
638.json,638,0.8664746284484863,0.9953452264720548
639.json,639,0.8058093190193176,-0.4171384161345815
640.json,640,0.9149988293647766,-1.2901217610116085
641.json,641,0.8447365760803223,0.10618435052206188
642.json,642,0.7426433563232422,1.2244558714885043
643.json,643,0.8104370832443237,0.6582882198175382
644.json,644,0.8064015507698059,0.6888788480620258
645.json,645,0.7704464197158813,0.6809193032529589
646.json,646,0.715999960899353,1.4422963172835723
647.json,647,0.8758183717727661,0.917237859399278
648.json,648,0.855584442615509,1.0683053451882625
649.json,649,0.8474942445755005,0.6492399138672331
650.json,650,0.8824188113212585,1.4897879151728723
651.json,651,0.6744186282157898,-19.218175838023626
652.json,652,0.8168338537216187,1.4297931131202617
653.json,653,0.7379534244537354,1.2269739892414575
654.json,654,0.7512957453727722,-0.7580583557707525
655.json,655,0.6765472292900085,0.8727704690403549
656.json,656,0.6404098272323608,0.7688895063027309
657.json,657,0.6698976159095764,0.4037757835212252
658.json,658,0.6742069125175476,0.8847941091469824
659.json,659,0.8274267911911011,1.526752529478859
660.json,660,0.9544083476066588,-1.0869720851132634
661.json,661,0.958157241344452,0.6085110159012501
662.json,662,0.9555757641792296,0.6056612699236954
663.json,663,0.9114019870758056,0.28535073080912104
664.json,664,0.9209955334663392,0.09911917588920716
665.json,665,0.9157304763793944,0.29614100386895714
666.json,666,0.950687050819397,-0.06951733295981022
667.json,667,0.9799064397811892,1.5984171882316185
668.json,668,0.8844398856163025,0.9795603081736016
669.json,669,0.7865332961082458,0.4720872941408771
670.json,670,0.7171860933303833,0.45055536131667395
671.json,671,0.7242217659950256,-0.4161445975885716
672.json,672,0.6542826294898987,0.8695706067372182
673.json,673,0.5311826467514038,0.45920967912203103
674.json,674,0.8433679938316345,1.5906692368680255
675.json,675,0.8871089220046997,0.021056244864452008
676.json,676,0.8705925345420837,-0.04975351808923456
677.json,677,0.849238932132721,0.3928962420510693
678.json,678,0.8837499022483826,0.3679182038421249
679.json,679,0.9001943469047546,0.7380799603928576
680.json,680,0.8657700419425964,0.3213479597376292
681.json,681,0.8864304423332214,0.6305102236930971
682.json,682,0.9301072955131532,1.211158082400276
683.json,683,0.8765535354614258,0.2618524452110513
684.json,684,0.7112104892730713,1.3363180421511514
685.json,685,0.7421985268592834,-0.19107320890234725
686.json,686,0.7492889761924744,0.6255756788625249
687.json,687,0.6980661153793335,0.3438615401684544
688.json,688,0.6012699007987976,
689.json,689,0.8295587301254272,1.144142625813739
690.json,690,0.8285301327705383,0.8636072256326823
691.json,691,0.8921658992767334,0.9632846680717968
692.json,692,0.9160490632057192,0.07924629713006226
693.json,693,0.9276907444000244,0.7122264322933827
694.json,694,0.8891114592552185,0.2466562273231148
695.json,695,0.8945165276527405,0.017665197693265355
696.json,696,0.9184919595718384,0.8629995076646733
697.json,697,0.9130769371986388,0.7334624746992784
698.json,698,0.8418098688125609,0.7168701031250038
699.json,699,0.7374405860900879,1.0914713878778637
700.json,700,0.7522000074386597,-0.7926759728273369
701.json,701,0.675174355506897,0.6429166058086491
702.json,702,0.5830966234207153,0.6420575974254374
703.json,703,0.660667359828949,
704.json,704,0.7719065546989441,0.8634849966318612
705.json,705,0.7536019682884216,0.1812264194122281
706.json,706,0.7306388020515442,1.086276026340573
707.json,707,0.6846538186073303,0.4662253271216841
708.json,708,0.6571409702301025,0.5701696231467439
709.json,709,0.6489539742469788,1.046613174321629
710.json,710,0.6943132877349854,2.1927080106716605
711.json,711,0.7199618816375732,2.884915329430263
712.json,712,0.9311031103134156,0.12301511331977365
713.json,713,0.944625198841095,0.8127806514593309
714.json,714,0.8936392664909363,-0.4727991870982109
715.json,715,0.8858569860458374,-0.15015328148963647
716.json,716,0.9196719527244568,0.35456047020758064
717.json,717,0.9463032484054564,0.4656319368142974
718.json,718,0.9360284805297852,0.2366017036923065
719.json,719,0.908044159412384,-1.6741228109779405
720.json,720,0.8225892186164856,-0.6056164533595245
721.json,721,0.9849753379821776,-2.0386634164798405
722.json,722,0.9351963996887208,-2.166437537723832
723.json,723,0.6918059587478638,-2.416693072763886
724.json,724,inf,
725.json,725,1.0264846086502075,2.7387895953520314
726.json,726,2741275.25,12.726858357659635
727.json,727,0.9278460741043092,2.0340883263450533
728.json,728,0.9080790877342224,-0.7027908929790847
729.json,729,0.920860767364502,-0.30292035754401425
730.json,730,0.8621379733085632,0.4191120376990032
731.json,731,0.8332592248916626,1.3976428795471314
732.json,732,0.9139971137046814,0.6117005308047592
733.json,733,0.909832000732422,0.16009113634278815
734.json,734,0.9154453277587892,-1.2151206334200446
735.json,735,0.9215719103813172,-4.439944199149489
736.json,736,inf,
737.json,737,0.9642879962921144,-0.5930221872628314
738.json,738,0.9562027454376221,-0.7482796356015005
739.json,739,0.931734263896942,-0.6033473277961052
740.json,740,0.9106633067131042,0.8983541719210208
741.json,741,0.9017947912216188,-6.997797876660452
742.json,742,0.8911046385765076,-0.6536920754178208
743.json,743,0.8616840243339539,0.4209692345024525
744.json,744,0.8242329359054565,0.2607407983070757
745.json,745,0.8470597863197327,1.0325766358587138
746.json,746,0.8429437875747681,0.0854025383537369
747.json,747,0.7203553318977356,-0.7016591059757715
748.json,748,0.7232393026351929,-0.6534304562006811
749.json,749,0.9089019894599916,0.16704545934210024
750.json,750,0.9522024989128112,1.5553933478244524
751.json,751,0.9578063488006592,0.17067854364503887
752.json,752,0.9542871713638306,-0.14659198858346656
753.json,753,0.9350994229316713,-1.1128365839915464
754.json,754,0.886891782283783,0.022405389389124508
755.json,755,0.8696399331092834,-0.6425541179779888
756.json,756,0.6815251111984253,1.4892378908227446
757.json,757,0.7974714040756226,1.1635182807306634
758.json,758,0.7984549403190613,1.1036136826994216
759.json,759,0.7589750885963441,0.8863378158889503
760.json,760,0.7884615659713745,0.19536773690864884
761.json,761,0.7708711028099059,0.8489396580237942
762.json,762,0.7524597644805908,-0.4397641302555062
763.json,763,0.975021243095398,
764.json,764,0.9651450514793396,-0.8724673941816565
765.json,765,0.993080735206604,1.127543145965074
766.json,766,0.9146774411201476,1.017224880039798
767.json,767,0.7812879085540771,1.3940807775306778
768.json,768,0.7859187126159668,1.0641979504657595
769.json,769,0.7929784059524536,1.0964931073236324
770.json,770,0.7605621814727783,0.8813797913179169
771.json,771,0.7883442640304565,0.2443147382074677
772.json,772,0.78387850522995,0.8891497983266579
773.json,773,0.7998918890953064,-0.07472659009681147
774.json,774,0.927687644958496,
775.json,775,0.9631162285804749,-0.2017354191378331
776.json,776,0.9570245742797852,0.9199533563716696
777.json,777,0.9059696197509766,-0.03684463900574818
778.json,778,0.8725777268409729,0.9491453187667692
779.json,779,0.9487274885177612,0.5715898968598463
780.json,780,0.8835982084274292,2.2446432791255884
781.json,781,0.7740034461021423,0.7721541481171741
782.json,782,0.7868040800094604,1.0786639353754328
783.json,783,0.7944130301475525,1.1081294546493128
784.json,784,0.7598487138748169,0.8460445082138266
785.json,785,0.7856779694557191,0.2942642404288769
786.json,786,0.7654907107353209,1.4370429006527452
787.json,787,0.7558274269104004,-0.11027481927423732
788.json,788,0.7072169780731201,
789.json,789,0.5265932083129883,1.3075048041130737
790.json,790,0.556624710559845,1.6546204759261918
791.json,791,0.6105770468711853,1.4777156009374357
792.json,792,0.676507294178009,1.7726489802873993
793.json,793,0.6620451807975769,0.635280746184943
794.json,794,0.5697931051254272,1.7912373924143132
795.json,795,0.5140268802642822,1.9492707476355868
796.json,796,0.00037769388291053474,
797.json,797,0.9635680317878724,-0.29387398275799725
798.json,798,0.9050410985946656,0.4408211542220002
799.json,799,0.8670766949653625,0.5767941961826306
800.json,800,0.915437400341034,0.2349469743104695
801.json,801,0.9365846514701844,0.7358593015125177
802.json,802,0.8738147616386414,1.1399345534079623
803.json,803,0.8864878416061401,0.33702734026962844
804.json,804,0.9008162617683412,0.4704211512123742
805.json,805,0.8802976608276367,1.1573126863380327
806.json,806,0.8647015690803528,1.3772996727829572
807.json,807,1.064869403839111,2.4172670919381973
808.json,808,0.9620609879493712,1.5612553656499384
809.json,809,0.8180032968521118,0.5964154063784601
810.json,810,0.8869147300720215,1.9179588299435133
811.json,811,0.956766664981842,1.2757518214938075
812.json,812,0.9244438409805298,0.8502993838023007
813.json,813,0.8904314041137695,0.009201284461050284
814.json,814,0.8643642663955688,1.8376148894400897
815.json,815,0.8195419907569885,0.2422422860386888
816.json,816,0.8329489827156067,-0.29486773114908793
817.json,817,0.8183315992355347,-0.7294417642444929
818.json,818,0.8403372764587402,0.826816557941612
819.json,819,0.8359310626983643,0.32648981497144897
820.json,820,0.8556661009788513,0.21337432232284392
821.json,821,0.8458554148674011,0.5600416365339331
822.json,822,0.8598668575286865,-0.1447282405602337
823.json,823,0.935648500919342,-0.02787679068912574
824.json,824,1.0037139654159546,-0.538841665679513
825.json,825,0.9545391798019408,0.6445918585936229
826.json,826,0.8277589678764343,-0.3830140438421008
827.json,827,0.8840866684913635,0.9947739422379538
828.json,828,0.9722459316253662,0.2072062368983847
829.json,829,0.9268705248832704,0.73356021774471
830.json,830,0.8589552640914917,0.7092390788788538
831.json,831,0.8849654793739319,0.8640524517894352
832.json,832,0.8854048848152161,-0.27813816678016146
833.json,833,0.8810358643531799,0.6497738136438223
834.json,834,0.9382504224777222,0.17803055074605467
835.json,835,0.8816114664077759,0.5931746631452128
836.json,836,0.8834038376808167,-1.5308092742282169
837.json,837,0.8428206443786621,-2.7368086818526693
838.json,838,0.7409893274307251,0.14544640240407958
839.json,839,0.8178154826164246,-0.2636433570704284
840.json,840,0.8600733280181885,0.2409926303987557
841.json,841,0.9115349650382996,-3.2695816912445608
842.json,842,0.8982862830162048,-1.494532009473117
843.json,843,0.864724338054657,-3.263198529674732
844.json,844,0.8620485067367554,-1.9784367045393123
845.json,845,0.8461586833000183,-7.373664598083168
846.json,846,0.7473875284194946,-3.0408515158402616
847.json,847,0.7611367702484131,-5.937586860377133
848.json,848,0.7160571813583374,-3.755136066203765
849.json,849,0.7698130011558533,-1.5353298949345735
850.json,850,0.6568734049797058,-2.3886630808270204
851.json,851,0.4344484508037567,0.6179833184085877
852.json,852,0.34582945704460144,3.176546920888609
853.json,853,0.8317601680755615,-2.79131637675242
854.json,854,0.9504028558731079,-6.955671432174237
855.json,855,inf,
856.json,856,0.802193284034729,0.033817211815598824
857.json,857,0.8338696360588074,0.4511945903070487
858.json,858,0.8678382039070129,-1.2993741365453175
859.json,859,0.9233725070953368,-2.9637540157418147
860.json,860,0.9256601929664612,-2.0607031051654623
861.json,861,0.886835515499115,-3.3417622086152736
862.json,862,0.8896956443786621,-0.615885514640885
863.json,863,0.7225003838539124,-2.623640790351212
864.json,864,0.6786906719207764,-3.1033556281761268
865.json,865,0.7856036424636841,-4.701353634124374
866.json,866,0.7632693648338318,1.8110558523150533
867.json,867,0.7732352614402771,-5.9448135372268265
868.json,868,0.6597474813461304,-2.4263101819815267
869.json,869,0.4570037722587586,0.6994555998005677
870.json,870,0.5070405006408691,0.7319452766830608
871.json,871,0.8165092468261719,-2.3122719829116574
872.json,872,0.3517752885818481,3.1361601466103304
873.json,873,0.4450322389602661,12.898680917626873
874.json,874,0.7660278677940369,-2.1629414943011662
875.json,875,0.6958735585212708,-4.268553560600338
876.json,876,0.01849983073771,6.124774276747647
877.json,877,0.9616588354110718,-0.7491402002278456
878.json,878,0.9748826622962952,-0.4556156385502597
879.json,879,0.9355968832969666,0.2600136727400919
880.json,880,0.906769335269928,-0.5293496116392582
881.json,881,0.9304986596107484,-6.3115162778153575
882.json,882,0.9489070773124696,-15.318636814779033
883.json,883,0.9523432850837708,-0.17468132768929756
884.json,884,0.9397200942039492,-1.061494279231308
885.json,885,0.9637133479118348,-15.641047696625185
886.json,886,0.9748503565788268,-1.0142494586317756
887.json,887,0.9585930705070496,-0.6032859275276969
888.json,888,0.8974775671958923,0.12700712717016138
889.json,889,0.9252822399139404,-0.16983104404710758
890.json,890,0.9349351525306702,6.601144201370719
891.json,891,0.9104138612747192,0.5784472129572915
892.json,892,0.8973420858383179,0.3003512739798584
893.json,893,0.8851313591003418,0.05777734699691627
894.json,894,0.9273620843887328,0.07603951954369137
895.json,895,0.5439995527267456,2.5317817185509006
896.json,896,0.5585441589355469,0.9657936927419848
897.json,897,0.6871362924575806,1.6838451190464463
898.json,898,0.8777660727500916,0.0834115985179551
899.json,899,0.7396858334541321,1.2399767902997052
900.json,900,0.6776369214057922,0.9021721314021658
901.json,901,0.6673206090927124,1.0199186377517415
902.json,902,0.6831912994384766,0.8359785752370329
903.json,903,0.7140106558799744,2.105832764390163
904.json,904,0.6710246801376343,0.5871231949414346
905.json,905,0.6049649119377136,0.6398938449506097
906.json,906,0.5833612680435181,1.011058781500077
907.json,907,0.4847547113895416,2.2763045764871364
908.json,908,0.002648626221343875,26.371181858020183
909.json,909,0.7432076930999756,1.1477771407277595
910.json,910,0.6809037327766418,0.8163470422996779
911.json,911,0.5707235932350159,1.5907435965259855
912.json,912,0.4720816016197205,2.449042946109486
913.json,913,0.5546047687530518,3.106920835275232
914.json,914,0.653780996799469,1.4230500063983635
915.json,915,0.7178430557250977,1.0560812410602711
916.json,916,0.6980406641960144,1.4326564612158394
917.json,917,0.6723052859306335,-3.1246845848778606
918.json,918,0.4769889116287232,10.52668073919928
919.json,919,0.060713708400726325,7.493169157174518
920.json,920,0.2618429958820343,13.385554215938575
921.json,921,0.02461869269609452,11.76363352169553
922.json,922,0.0172716174274683,16.749765423306457
923.json,923,0.022648656740784645,21.70256499709413
924.json,924,0.32815226912498474,13.166621140549642
925.json,925,0.7111778259277344,0.8915444288264514
926.json,926,0.05387859418988228,-9.010768794447287
927.json,927,0.04936544597148895,8.091583389106104
928.json,928,0.0375472716987133,8.005203536452834
929.json,929,0.4784772098064423,16.755435219639025
930.json,930,0.5964931845664978,10.49965084008618
931.json,931,0.050046149641275406,7.46184601986281
932.json,932,0.10095516592264177,8.191099597358749
933.json,933,0.2364649027585984,10.339258449892954
934.json,934,479.8774108886719,51.131963001428225
935.json,935,0.0022577361669391394,14.442364853318029
936.json,936,0.04993458092212677,9.43665942779233
937.json,937,0.2004797309637069,6.581524387295687
938.json,938,0.0649457573890686,15.40457331041533
939.json,939,0.9969741702079772,1.3743805784099683
940.json,940,3.761185646057129,8.593965705840736
941.json,941,0.9562994241714478,-0.09703508351425773
942.json,942,2.959388256072998,4.238487921545966
943.json,943,1.0012341737747192,0.9965910645085732
944.json,944,0.9619590640068054,0.8664430662638436
945.json,945,1.1247798204421997,0.6453380206069319
946.json,946,1.0433520078659058,0.05444432407073396
947.json,947,1.0098714828491209,1.5123653926453162
948.json,948,0.9026795029640198,0.7077713327322162
949.json,949,0.967611849308014,-0.12975576063756655
950.json,950,0.909469485282898,0.1329138523700042
951.json,951,0.8578412532806396,0.6867427021472867
952.json,952,0.8811520934104919,0.4950202151916505
953.json,953,0.9350807666778564,0.5891354441157963
954.json,954,0.919848084449768,0.9986418752106658
955.json,955,0.9828099608421326,0.2325595466875656
956.json,956,0.8039497137069702,0.5835546503052824
957.json,957,0.7851064801216125,-2.9691346479972593
958.json,958,0.8536548018455505,-2.745606984562998
959.json,959,0.36145272850990295,13.434459587455954
960.json,960,0.3021858334541321,3.5376896544100074
961.json,961,0.3921213448047638,3.543421959096156
962.json,962,0.564605176448822,2.338829219058196
963.json,963,0.4900894165039063,2.9233027411134533
964.json,964,0.4215956628322601,4.1596336258044575
965.json,965,0.3432319760322571,5.095186174924186
966.json,966,0.5125342607498169,6.262905539463421
967.json,967,0.8083081841468811,1.1970396022595375
968.json,968,0.6491305232048035,2.229316442189192
969.json,969,0.6176030039787292,1.421909895849356
970.json,970,0.6159068942070007,1.668561803322259
971.json,971,0.4651205837726593,4.214873167361186
972.json,972,0.3404987156391144,5.0861466779008495
973.json,973,0.27908653020858765,5.24319223596504
974.json,974,0.3927459716796875,5.316885666946922
975.json,975,0.4685230851173401,3.744340281240105
976.json,976,0.361743837594986,5.381990192518827
977.json,977,0.0985676720738411,6.277097954222058
978.json,978,1.676986357779242e-05,23.499097286079703
979.json,979,0.0002450993342790753,20.575792437429303
980.json,980,0.8671664595603943,0.18510466328677744
981.json,981,0.5379389524459839,2.782993995984712
982.json,982,0.5961692929267883,1.681266523427814
983.json,983,0.5764978528022766,2.002461538642038
984.json,984,0.4591317474842072,2.774061846914025
985.json,985,0.4210435152053833,3.0106183504128183
986.json,986,0.4021227955818176,2.6889865391997603
987.json,987,0.4576312601566314,3.550934233582823
988.json,988,0.5533154010772705,2.3560200589944102
989.json,989,0.3355825841426849,4.625087036361892
990.json,990,0.2699480652809143,6.549243214456863
991.json,991,0.759745717048645,1.4950260717971884
992.json,992,0.7237281203269958,1.6414525147668644
993.json,993,0.737221360206604,1.1927863806475694
994.json,994,0.9727776646614076,0.9463118957727908
995.json,995,0.9168943166732788,-14.323694310874991
996.json,996,0.9301049709320068,-0.9318451904995672
997.json,997,0.877142071723938,0.2660679440605094
998.json,998,0.8835133910179138,1.114536107275713
999.json,999,0.8204814791679382,
1000.json,1000,3.3688135147094727,1.5545239134595228
1001.json,1001,0.8372060060501099,0.4237605162164781
1002.json,1002,0.798024594783783,1.735107844644979
1003.json,1003,0.769489049911499,1.51406798884195
1004.json,1004,0.6784558892250061,1.7728764889630018
1005.json,1005,0.8854619860649109,0.9359508587944164
1006.json,1006,0.7812223434448242,0.9963231053325741
1007.json,1007,0.7192831635475159,1.3225857748109195
1008.json,1008,0.8056054115295409,1.3502370173600171
1009.json,1009,0.8609032034873962,0.7629519802053819
1010.json,1010,0.7700509428977966,-1.1006048649445903
1011.json,1011,0.7338924407958984,0.06706268744796606
1012.json,1012,0.7477756142616272,-4.757948417013019
1013.json,1013,0.7976707220077515,0.2679088929410458
1014.json,1014,0.7550768852233887,0.823338221948732
1015.json,1015,0.6866390109062195,1.601440060478084
1016.json,1016,0.8425180912017822,-0.1581071713821718
1017.json,1017,0.7551708221435547,0.17548437132269967
1018.json,1018,0.1995522379875183,0.4268972964277069
1019.json,1019,0.7924612164497375,1.101791655574421
1020.json,1020,0.7257623076438904,0.3572607331088831
1021.json,1021,0.9409323334693908,0.9214050994190917
1022.json,1022,0.9612557888031006,2.1794390231181167
1023.json,1023,0.7491959929466248,1.2198111674798031
1024.json,1024,0.7792174220085144,0.7548998865464513
1025.json,1025,0.7832992672920227,0.2758700163564036
1026.json,1026,0.7408612966537476,1.3855832079819068
1027.json,1027,0.7790833711624146,1.2358190878088156
1028.json,1028,0.6038574576377869,-4.998535991148524
1029.json,1029,0.8131999969482422,-0.5754517359519156
1030.json,1030,0.6970640420913696,-2.465572812700076
1031.json,1031,0.760629415512085,-1.1264666224616384
1032.json,1032,0.7709992527961731,0.32520724888687
1033.json,1033,0.7853105068206787,1.2463785473389937
1034.json,1034,0.7876499891281128,0.3135212947581003
1035.json,1035,0.6740593910217285,1.143366944595262
1036.json,1036,0.630887508392334,-4.066702552425771
1037.json,1037,6.0642924308776855,34.018424526144024
1038.json,1038,0.904730498790741,0.55722397135726
1039.json,1039,0.8821406960487366,0.4699558236633532
1040.json,1040,0.8766774535179138,0.4512708193436019
1041.json,1041,0.8967325687408447,-0.3115211870918877
1042.json,1042,0.8768393397331238,0.8693303096776823
1043.json,1043,0.8316383957862854,-0.2398675183013479
1044.json,1044,0.7941802144050598,0.902518773177876
1045.json,1045,0.8001795411109924,0.10031868081891916
1046.json,1046,0.8602842092514038,1.0133328943407136
1047.json,1047,0.8942948579788208,-1.2809463334868338
1048.json,1048,9551.01171875,2.738273125421664
1049.json,1049,0.9280400276184082,0.5419519048081103
1050.json,1050,0.8938034176826477,1.00650257850584
1051.json,1051,0.9003027081489563,-0.21515351623034806
1052.json,1052,0.921220600605011,0.6590401828470416
1053.json,1053,0.9326052665710448,0.6470869807283428
1054.json,1054,0.8759755492210388,0.3459735075734365
1055.json,1055,0.8426892161369324,0.5953079492671716
1056.json,1056,0.8166977167129517,0.8208718628846405
1057.json,1057,0.8598998785018921,0.5749183259917299
1058.json,1058,0.8798350691795349,-3.6727492787768723
1059.json,1059,0.9130104184150696,-13.779960836245403
1060.json,1060,0.926681637763977,0.1668522845633813
1061.json,1061,0.9257134199142456,0.8880716496883547
1062.json,1062,0.8714225888252258,-1.7075738690643265
1063.json,1063,0.9382246732711792,0.5488101812663295
1064.json,1064,0.9771645665168762,0.897492057290771
1065.json,1065,0.9533212184906006,0.15944753181333482
1066.json,1066,0.8918118476867676,-0.191019163953996
1067.json,1067,0.7658904790878296,-10.055840648007113
1068.json,1068,0.8913235068321228,
1069.json,1069,0.8331048488616943,0.20801543925973048
1070.json,1070,0.8486331105232239,0.856241861590874
1071.json,1071,0.9214044809341432,0.4055533002337981
1072.json,1072,1.0184597969055176,0.4026629498181791
1073.json,1073,1516077.75,-14.142634876611414
1074.json,1074,0.9789283275604248,0.8250202422310782
1075.json,1075,0.978850781917572,0.16093992639794585
1076.json,1076,0.9816241264343262,-0.1846613442459386
1077.json,1077,0.987149715423584,1.2145815582456232
1078.json,1078,0.995934009552002,0.35578728672046545
1079.json,1079,0.9848161339759828,0.8831299072083887
1080.json,1080,0.9657025337219238,-0.22607703686074745
1081.json,1081,0.9704354405403136,-0.5305020371003728
1082.json,1082,0.8969985246658325,3.6691416861559993
1083.json,1083,0.8164848089218141,2.3442445571775608
1084.json,1084,0.8600707054138184,1.7005746865111708
1085.json,1085,0.8216807246208191,0.9631394257194844
1086.json,1086,0.889633059501648,2.498354014429207
1087.json,1087,0.9666910171508788,0.14957574043614308
1088.json,1088,0.9740328192710876,0.9692436496831274
1089.json,1089,0.9777828454971312,0.3274863753672186
1090.json,1090,0.9677572250366212,-1.0335592676958925
1091.json,1091,0.9610562920570374,0.2626034267879245
1092.json,1092,0.9647497534751892,1.3066235512991788
1093.json,1093,0.9630226492881776,-0.4434386372451051
1094.json,1094,0.8921516537666321,3.2596794453569577
1095.json,1095,0.8211132884025574,1.9838327495482064
1096.json,1096,0.792866051197052,3.0280195671377914
1097.json,1097,0.8107625842094421,1.8969097929558798
1098.json,1098,0.910633385181427,1.3598168894763545
1099.json,1099,0.9735397696495056,0.7555067612345071
1100.json,1100,0.9488554000854492,-0.24695361010246586
1101.json,1101,0.9662232398986816,0.7408305575193648
1102.json,1102,0.96602600812912,-0.7985846284046438
1103.json,1103,0.966469407081604,0.36388556339399614
1104.json,1104,0.9635129570961,-0.7749167237745258
1105.json,1105,0.9182152152061462,3.3496362688831685
1106.json,1106,0.8236007094383241,-0.12824612068191765
1107.json,1107,0.8576489090919495,2.003102134898036
1108.json,1108,0.8305351138114929,1.6275467115198303
1109.json,1109,0.8216711282730103,2.8507228205091923
1110.json,1110,0.9077700972557068,1.7256726790591284
1111.json,1111,0.9911881685256958,0.13240754840869684
1112.json,1112,0.982699990272522,0.6442958949778461
1113.json,1113,0.9834392070770264,0.3673864874917534
1114.json,1114,0.9652351140975952,0.27372112974835083
1115.json,1115,0.9643656015396118,0.3484289921799224
1116.json,1116,0.971076726913452,0.7429715014560205
1117.json,1117,0.973351001739502,1.140242579575677
1118.json,1118,0.9122848510742188,3.2073256081737807
1119.json,1119,0.8348482847213745,0.3316102929909617
1120.json,1120,0.8311391472816467,0.5013418479821388
1121.json,1121,0.7910061478614807,3.2326152922280347
1122.json,1122,0.8974372744560242,0.6824252791216843
1123.json,1123,0.946005642414093,0.682465744230333
1124.json,1124,0.9121845960617064,3.302878712393297
1125.json,1125,0.8702030181884766,1.7291940996151904
1126.json,1126,0.8835795521736145,2.0423409127872567
1127.json,1127,0.8877062797546387,2.39360941742692
1128.json,1128,0.9317072629928588,
1129.json,1129,0.9309023022651672,-1.4411556851067688
1130.json,1130,0.8767052292823792,0.8757364540389041
1131.json,1131,0.8175268769264221,0.28499048156356466
1132.json,1132,0.7996819019317627,1.4025583933139636
1133.json,1133,0.7763164639472961,0.9166241436906076
1134.json,1134,0.8044706583023071,0.6027321694780632
1135.json,1135,0.8385565876960754,0.3472935654355922
1136.json,1136,0.9033095836639404,-0.6632963130189129
1137.json,1137,0.8170215487480164,-0.09702695062219746
1138.json,1138,0.7997336983680725,0.9796672101898576
1139.json,1139,0.8414540290832521,0.9341705091110164
1140.json,1140,0.8214433193206787,-0.4273351732809809
1141.json,1141,0.839430570602417,-0.33257700879830665
1142.json,1142,0.7514115571975708,0.6314637825547402
1143.json,1143,0.8096873164176941,0.05774162216651391
1144.json,1144,0.6622824668884277,1.1294662945452236
1145.json,1145,0.6418368816375732,1.1419327645138535
1146.json,1146,0.6883103251457214,0.5632548841516183
1147.json,1147,0.6977729797363281,1.2699785761608862
1148.json,1148,0.7699673175811768,-0.0824189556135746
1149.json,1149,0.8767910003662109,-0.03902561818944683
1150.json,1150,0.8788301348686218,-0.2926187809695602
1151.json,1151,0.27969077229499817,3.1549765051413066
1152.json,1152,0.016349270939826962,8.868837929916422
1153.json,1153,3.959665627917275e-05,33.55261277407629
1154.json,1154,7.883136277087033e-05,35.30509207166273
1155.json,1155,0.0009751990437507627,19.23864945922617
1156.json,1156,0.11099356412887572,6.824597422858429
1157.json,1157,0.04640834406018257,8.838578580665118
1158.json,1158,7.047624239930883e-05,24.044228004468927
1159.json,1159,6.119667523307726e-05,44.42458220843756
1160.json,1160,0.0004808968224097043,45.27442202611682
1161.json,1161,0.0570874847471714,9.613539138561649
1162.json,1162,0.03598729521036148,9.318764371813582
1163.json,1163,0.0014390662545338273,28.454138651774286
1164.json,1164,0.001892461790703237,20.79449159237301
1165.json,1165,0.7813007235527039,1.9618091634913144
1166.json,1166,0.8572710752487183,3.0988377421009123
1167.json,1167,0.9882622957229614,2.047634911793887
1168.json,1168,0.9131293892860411,2.5343660344514882
1169.json,1169,0.884939432144165,1.891737796238016
1170.json,1170,0.8161190152168274,2.649991680638082
1171.json,1171,0.8160204887390137,2.347941862775663
1172.json,1172,0.8429389595985413,2.6685321472514762
1173.json,1173,1.0278937816619873,-3.6554281100239705
1174.json,1174,0.7200653553009033,2.8077079140771537
1175.json,1175,0.741341233253479,2.7568617265531032
1176.json,1176,0.8149405121803284,2.615384795402752
1177.json,1177,0.7451087832450867,2.5430648372028264
1178.json,1178,0.8498151302337646,3.327650557803416
1179.json,1179,0.8876824378967285,2.7637151379296605
1180.json,1180,0.7525690197944641,2.287109583073466
1181.json,1181,0.7778642177581787,2.2574196701679092
1182.json,1182,1.0998036861419678,-15.695667520640994
1183.json,1183,0.6995057463645935,1.6937428066813365
1184.json,1184,0.8764830231666565,1.9563977053287125
1185.json,1185,0.8320394158363342,2.544496658178357
1186.json,1186,0.856929361820221,2.7911375238688327
1187.json,1187,0.7434701323509216,1.713090087731452
1188.json,1188,0.838460385799408,2.3766143315020143
1189.json,1189,0.7801467180252075,2.2545306911066656
1190.json,1190,0.7252382636070251,2.728362228894459
1191.json,1191,0.6577272415161133,3.5135993340956206
1192.json,1192,0.5454891920089722,3.3526944198706476
1193.json,1193,0.8828904628753662,2.778310543206495
1194.json,1194,0.8831778168678284,2.67011370784144
1195.json,1195,0.79327392578125,2.392362738541885
1196.json,1196,0.8496384024620056,2.3560462721623243
1197.json,1197,0.8230285048484802,2.6562733336627264
1198.json,1198,0.7875365018844604,2.752376770363952
1199.json,1199,0.8346088528633118,0.7189480239259245
1200.json,1200,0.9894459247589112,-5.4597963805713805
1201.json,1201,0.8493890166282654,0.7110698737456858
1202.json,1202,0.9194434881210328,0.7458889142496954
1203.json,1203,0.8637170791625977,0.4678564347646805
1204.json,1204,0.769582211971283,1.2359675053019172
1205.json,1205,0.6904062032699585,0.3605103115396133
1206.json,1206,0.9759242534637452,1.4774952639041432
1207.json,1207,0.9240169525146484,1.3122402400117053
1208.json,1208,0.9911917448043824,1.5044827032405084
1209.json,1209,0.9461799860000608,-30.518290175357627
1210.json,1210,0.8976278901100159,1.8676193875487463
1211.json,1211,1.0057364702224731,-1.6519648875342352
1212.json,1212,0.8939318656921387,0.9332579686628604
1213.json,1213,0.7515826225280762,0.751787635438462
1214.json,1214,0.8480584621429443,1.263675582835777
1215.json,1215,0.9505591392517092,-1.1649515573732152
1216.json,1216,0.9335721135139464,1.1354359072197573
1217.json,1217,1.0526003837585451,-16.425472387338537
1218.json,1218,0.8900759816169739,1.4461655493893586
1219.json,1219,0.951768159866333,-2.087918947108622
1220.json,1220,0.9293694496154784,0.6546680150988662
1221.json,1221,0.7143052816390991,1.4325033263421636
1222.json,1222,0.6525827050209045,1.8171788348285496
1223.json,1223,0.658843457698822,2.542800155246236
1224.json,1224,0.6064769625663757,2.3818389963502744
1225.json,1225,0.6621513962745667,2.156142144658694
1226.json,1226,0.8081853985786438,0.4280741615527299
1227.json,1227,0.8654861450195312,1.5417484105582044
1228.json,1228,0.5703442692756653,1.889798311864098
1229.json,1229,0.6490442156791687,1.5485868656162092
1230.json,1230,0.8264731168746948,1.4888967873228651
1231.json,1231,1.93117094039917,
1232.json,1232,0.7839319109916687,0.7837443812494751
1233.json,1233,0.7218710780143738,1.2922829085648821
1234.json,1234,0.5544511079788208,1.624588616053246
1235.json,1235,0.555120050907135,1.7855083608334508
1236.json,1236,0.5231102705001831,1.607851518642803
1237.json,1237,0.5094516277313232,2.248497939729687
1238.json,1238,0.5388789176940918,1.9433332651049195
1239.json,1239,0.5138915181159973,2.31428040367476
1240.json,1240,0.5518255233764648,1.737286309043235
1241.json,1241,0.5009516477584839,1.5745336697012815
1242.json,1242,0.7854762673377991,0.5541747775238832
1243.json,1243,0.7745351791381836,0.1054607723747054
1244.json,1244,0.8684385418891907,0.8095822699691428
1245.json,1245,0.8128764033317566,1.1350947429500895
1246.json,1246,0.682061493396759,1.392215470669658
1247.json,1247,0.6222425699234009,0.1741954951721354
1248.json,1248,0.5660930275917053,1.4582491349304747
1249.json,1249,0.5060529112815857,2.468558804754256
1250.json,1250,0.4869740307331085,2.6913544625630745
1251.json,1251,0.5436480641365051,1.7696866425584783
1252.json,1252,0.5347186923027039,1.9895184857269683
1253.json,1253,0.5253840684890747,1.8829378561606127
1254.json,1254,0.5622596144676208,2.3520912408729275
1255.json,1255,0.9941054582595824,0.15385704155589686
1256.json,1256,0.9552743434906006,0.17577229982419065
1257.json,1257,0.9001961350440979,-2.0524062847416644
1258.json,1258,0.9165265560150146,-8.940222052053421
1259.json,1259,0.9618319272994996,0.705036250479667
1260.json,1260,0.9979103803634644,-0.5056646786263226
1261.json,1261,0.9715604782104492,-1.724628443646436
1262.json,1262,0.9181089997291564,0.2875514757057065
1263.json,1263,0.9211181402206421,-0.4948947029991562
1264.json,1264,0.8749228119850159,-1.9842606416377784
1265.json,1265,0.3784941732883453,3.1718070712109454
1266.json,1266,0.4020489752292633,3.2856854954834414
1267.json,1267,0.41031476855278015,3.023408116435084
1268.json,1268,0.4450697898864746,-17.833542482935453
1269.json,1269,3177283.5,1.8642588919794747
1270.json,1270,0.7518584132194519,1.4687782346914895
1271.json,1271,0.7979667186737059,1.2088020707028075
1272.json,1272,0.7472602725028992,1.424000571642844
1273.json,1273,0.8641999959945679,2.001388893035978
1274.json,1274,0.859528124332428,0.7240738976484646
1275.json,1275,0.7482765913009644,1.368234221715439
1276.json,1276,0.7833214998245239,1.3888701535162813
1277.json,1277,0.7328156232833862,2.12260468225814
1278.json,1278,0.8597742915153503,1.0270789942660947
1279.json,1279,0.8193777799606323,1.0787364362306118
1280.json,1280,0.8760635852813721,0.7145427426912798
1281.json,1281,0.8320487141609192,2.143424586684989
1282.json,1282,0.7901365756988525,1.8937934061841728
1283.json,1283,0.8218141198158264,2.3638119068821544
1284.json,1284,0.6844437718391418,0.9650703659233724
1285.json,1285,0.7270911335945129,1.7809194729384723
1286.json,1286,0.7202516198158264,1.5666906850690099
1287.json,1287,0.7228306531906128,0.9602888035433894
1288.json,1288,0.7581464648246765,1.795382816128689
1289.json,1289,0.7755155563354492,1.4716993196890948
1290.json,1290,0.8492993116378784,1.6767481595957996
1291.json,1291,0.8388815522193909,1.1311761219545702
1292.json,1292,0.8033183813095093,0.634247599996244
1293.json,1293,1.077290415763855,0.4828147737833417
1294.json,1294,1.0249184370040894,1.3789292363097454
1295.json,1295,1.0316665172576904,0.021164293712454096
1296.json,1296,0.998394787311554,0.4107947408134081
1297.json,1297,1.1482577323913574,1.1496145979829913
1298.json,1298,1.1284877061843872,1.4985863489358198
1299.json,1299,1.1529359817504885,0.9329688486389132
1300.json,1300,1.275067687034607,2.4178187885301483
1301.json,1301,1.0173565149307249,0.8922428931738935
1302.json,1302,0.9832763671875,1.4541344106936545
1303.json,1303,0.9022421836853028,1.6148923272421118
1304.json,1304,1.0164742469787598,-0.6908096979075395
1305.json,1305,1.5656310319900513,-15.839151714490061
1306.json,1306,0.9039680361747742,2.5510172626435814
1307.json,1307,0.9385384321212769,1.6023405251665652
1308.json,1308,0.9218860268592834,0.8157300877476414
1309.json,1309,0.8917997479438782,-0.055406786462976136
1310.json,1310,0.8181159496307373,1.1507535458116491
1311.json,1311,0.7398757338523865,1.962580905179044
1312.json,1312,0.829275369644165,1.1320703006745172
1313.json,1313,0.8555331826210022,1.9484108355500007
1314.json,1314,0.9464212656021118,0.8809200860847226
1315.json,1315,0.8980483412742615,2.654139201277469
1316.json,1316,0.980406641960144,1.3429919533783157
1317.json,1317,0.9242078065872192,0.6195014345472751
1318.json,1318,0.9905468821525574,-0.9897041317385272
1319.json,1319,0.8646129369735718,1.4785377368426291
1320.json,1320,0.851512610912323,1.0804269909349662
1321.json,1321,0.6820206046104431,2.0772183454466324
1322.json,1322,0.8196498155593872,2.8420273180162114
1323.json,1323,1.2494736909866333,1.9510373930324223
1324.json,1324,1.1110007762908936,3.4102928312103904
1325.json,1325,1.0735242366790771,1.6613741221959786
1326.json,1326,0.9975926280021667,0.35759600916228873
1327.json,1327,0.8885816335678101,1.4403264808702256
1328.json,1328,1.0012332201004028,2.2891778382808288
1329.json,1329,0.7963448762893677,1.639513493171307
1330.json,1330,0.7953037619590759,2.327585963394588
1331.json,1331,0.7850498557090759,1.889967279739997
1332.json,1332,0.7949950098991394,2.5269744519397745
1333.json,1333,0.8384832739830017,2.861995220996339
1334.json,1334,0.789280354976654,3.2628483191284574
1335.json,1335,0.91627299785614,2.846074116453818
1336.json,1336,1.1145811080932615,3.93546229255744
1337.json,1337,0.772404134273529,3.3313352316344385
1338.json,1338,0.6832619309425354,3.4552577919296654
1339.json,1339,0.7686430215835571,2.201608312003073
1340.json,1340,0.8565989136695862,2.7949397876701765
1341.json,1341,1.0588823556900024,2.3122579593984782
1342.json,1342,261.01040649414057,3.3443304227407538
1343.json,1343,0.9566014409065248,-0.8733475820346701
1344.json,1344,0.8570454120635986,0.5165344695598764
1345.json,1345,0.8676570057868958,1.1881138213699851
1346.json,1346,0.8101267218589783,1.4550610123668282
1347.json,1347,0.7414700984954834,0.6069553086797672
1348.json,1348,0.8310831785202026,0.3963446828742274
1349.json,1349,0.8628424406051636,0.0696435929763517
1350.json,1350,0.7501224279403687,1.5604962915965317
1351.json,1351,0.813213050365448,0.16146132291148607
1352.json,1352,1.0586278438568115,0.9808098463289558
1353.json,1353,0.8941949605941772,1.0203845911652465
1354.json,1354,0.83053058385849,0.7338333540191702
1355.json,1355,0.8901830911636353,-0.5145759901541149
1356.json,1356,0.8807010054588318,-0.18485831862427027
1357.json,1357,0.7405356764793396,0.9690512087192192
1358.json,1358,0.8292227983474731,0.9927785092961994
1359.json,1359,0.869853675365448,1.1429914232940437
1360.json,1360,0.8592349290847778,1.0952635282659742
1361.json,1361,0.8751955032348633,-0.0366022565093358
1362.json,1362,1.0127769708633425,-0.5326639626751026
1363.json,1363,0.8749777674674988,0.47279051223163204
1364.json,1364,0.7122569680213928,0.6234699956785539
1365.json,1365,0.6467191576957703,1.410548184978198
1366.json,1366,0.7198930978775024,-0.7267629092481789
1367.json,1367,0.5417340397834778,42.50152404286128
1368.json,1368,0.9347288608551024,0.3163980072980284
1369.json,1369,0.9149201512336732,0.6056542317607398
1370.json,1370,0.9523276090621948,1.0230746147557568
1371.json,1371,1.0094821453094482,1.8496228269535404
1372.json,1372,0.9609600305557252,0.9622950923376159
1373.json,1373,0.9687257409095764,0.05252639439221874
1374.json,1374,0.8121926188468933,0.9872697046473942
1375.json,1375,0.843927800655365,0.8875712070682766
1376.json,1376,0.7793248891830444,1.3202819137261963
1377.json,1377,0.7428783178329468,1.1393318595407225
1378.json,1378,0.8711547255516052,0.4402096220075897
1379.json,1379,0.8913164734840393,0.4004685958040897
1380.json,1380,0.8383976817131042,1.644278270357975
1381.json,1381,0.9271905422210692,2.497425390534758
1382.json,1382,0.8179687857627869,-0.10528801063433413
1383.json,1383,0.8229373693466187,0.35587965471650485
1384.json,1384,0.8688727021217346,-0.1006422674350107
1385.json,1385,0.8197240829467773,1.511152102719934
1386.json,1386,0.726247251033783,1.6551027536841367
1387.json,1387,0.9673363566398621,0.2215097523277052
1388.json,1388,0.9229336380958556,2.158719419692765
1389.json,1389,0.9890777468681335,0.3077788399438379
1390.json,1390,0.9962162971496582,0.2272689883469053
1391.json,1391,0.9735003709793092,0.06288290799001928
1392.json,1392,0.948509693145752,0.12924680431561164
1393.json,1393,0.961726725101471,0.5668053189579467
1394.json,1394,0.954164743423462,-11.852746126210695
1395.json,1395,0.990445911884308,-4.182569501068047
1396.json,1396,0.8595337867736816,0.295618648332729
1397.json,1397,0.8329616785049438,-0.06425892542989864
1398.json,1398,0.8657193779945374,1.1381451652319186
1399.json,1399,0.8414270281791687,0.6660194329630347
1400.json,1400,0.8516969084739685,0.16998136982895407
1401.json,1401,0.8876190185546875,-0.8277498096153549
1402.json,1402,88.35179901123047,31.607558177566858
1403.json,1403,0.8946814537048341,1.8119104277327465
1404.json,1404,0.9876636862754822,1.7727906024465785
1405.json,1405,0.6063927412033081,1.6169413792895222
1406.json,1406,0.8240854740142822,1.2383882792231289
1407.json,1407,0.972923755645752,2.468683888069048
1408.json,1408,1.0288258790969849,2.3859304197329827
1409.json,1409,1.0317871570587158,0.7225166987286684
1410.json,1410,0.880149245262146,0.7601529560784908
1411.json,1411,0.7512698173522949,0.952855486090506
1412.json,1412,0.6736167073249817,0.6522599245310188
1413.json,1413,0.7033668160438538,1.8272704931652248
1414.json,1414,0.8916081786155701,2.616469536508868
1415.json,1415,0.9433290958404541,0.21841612692749912
1416.json,1416,0.8658518791198729,0.3007329935932681
1417.json,1417,0.8579624891281128,1.0727036543720718
1418.json,1418,0.9433019161224364,0.9144233930823712
1419.json,1419,0.8896102905273438,0.2631229308936902
1420.json,1420,0.8386096954345703,1.4784812121799575
1421.json,1421,0.8606842756271362,1.2443992013290617
1422.json,1422,0.8339927792549133,0.8590671075488974
1423.json,1423,0.7107118368148804,1.08902609175498
1424.json,1424,0.7304319143295288,1.5708660853208087
1425.json,1425,0.8111136555671692,1.3793874747928463
1426.json,1426,0.8722739219665527,-0.03662521755140702
1427.json,1427,0.8756585121154785,1.2389721779495917
1428.json,1428,0.8367276787757874,0.5928671786088167
1429.json,1429,0.8795490264892578,0.6458465033218843
1430.json,1430,0.9620731472969056,-0.3294212342417957
1431.json,1431,0.8728564381599426,-0.03768750852624336
1432.json,1432,0.8405080437660217,0.19075577543724967
1433.json,1433,0.8939402103424072,0.9056636254182192
1434.json,1434,0.926116943359375,0.4318585163560461
1435.json,1435,0.8600800633430481,1.0797295359670809
1436.json,1436,0.8631916642189026,1.3456180601133525
1437.json,1437,0.95948988199234,0.22957908642100835
1438.json,1438,1.0081586837768557,-0.36067286964700784
1439.json,1439,1.0498710870742798,-0.4256720178636666
1440.json,1440,1.0001627206802368,0.7947756582102539
1441.json,1441,0.9874330759048462,0.09095388251108004
1442.json,1442,0.9936949014663696,2.6833933507909857
1443.json,1443,0.9717760682106018,2.3234411939991357
1444.json,1444,0.9677226543426514,1.155666576159568
1445.json,1445,1.0322705507278442,0.2336200984300927
1446.json,1446,0.9647115468978882,0.17386301084010114
1447.json,1447,0.9406620860099792,0.7138932221888563
1448.json,1448,0.9263808727264404,0.991062904600378
1449.json,1449,0.8828358054161072,1.5965250426783006
1450.json,1450,0.8815422654151917,0.2930830385949399
1451.json,1451,0.8967779278755188,0.12289477949772375
1452.json,1452,0.8674502968788147,-0.10115441108708544
1453.json,1453,0.8984000086784363,0.5448531733814637
1454.json,1454,0.9171528816223145,0.3668122254090189
1455.json,1455,0.9278787970542908,0.10708569130046007
1456.json,1456,0.8974281549453735,0.7966771521349827
1457.json,1457,0.9150457382202148,0.6040070062767082
1458.json,1458,0.9196057319641112,0.2540430408460814
1459.json,1459,0.8730794191360474,0.5466443723058276
1460.json,1460,0.8112488985061646,0.2794618663052137
1461.json,1461,0.8547328114509583,1.1437654869884888
1462.json,1462,0.8157477974891663,1.1528575495872315
1463.json,1463,0.7862651348114014,0.8921420112762473
1464.json,1464,0.7950253486633301,0.7224772738025659
1465.json,1465,0.7819328308105469,1.3968062567074089
1466.json,1466,0.8076503276824951,0.5009139504851179
1467.json,1467,0.955406665802002,-2.227213141510937
1468.json,1468,0.7484642267227173,1.6891436781827365
1469.json,1469,0.7254446148872375,2.2823811168173163
1470.json,1470,0.7096595764160156,1.7391084310051093
1471.json,1471,0.7935918569564819,1.5770144121288876
1472.json,1472,0.7625921964645386,2.428910262236898
1473.json,1473,0.8097418546676636,1.3821145701201722
1474.json,1474,0.8558499813079834,1.2728429430037869
1475.json,1475,0.7838465571403503,1.83414270845116
1476.json,1476,0.604680597782135,0.6228312111637933
1477.json,1477,0.5365258455276489,0.5288695292595313
1478.json,1478,0.19341899454593656,38.93408199945417
1479.json,1479,0.7798469662666321,1.4183080303624431
1480.json,1480,0.8097080588340759,1.5639604450278588
1481.json,1481,0.6996952295303345,1.6568821218260257
1482.json,1482,0.5567634105682373,1.8652505871120653
1483.json,1483,0.5243914127349854,1.8831861147783564
1484.json,1484,0.5779908895492554,2.708973252290252
1485.json,1485,0.5078383684158325,2.078393246326872
1486.json,1486,0.4463307559490204,2.084771603296586
1487.json,1487,0.4092891812324524,2.55643344515383
1488.json,1488,0.5359021425247192,2.130183553883064
1489.json,1489,0.6617900729179382,1.8628325162580217
1490.json,1490,0.7597628235816956,1.2948270500163217
1491.json,1491,0.6172232627868652,2.4432421651991585
1492.json,1492,0.5863385796546936,2.214616799956187
1493.json,1493,0.5729734897613525,2.2722127113116297
1494.json,1494,0.4666422307491303,2.369132433864543
1495.json,1495,0.4918575584888458,2.25772142795484
1496.json,1496,0.4310855567455292,2.1562471981394453
1497.json,1497,22.955684661865234,41.305223679420024
1498.json,1498,1.220115303993225,2.4159175867635296
1499.json,1499,1.2539018392562866,2.223560755404832
1500.json,1500,0.9422056078910828,3.0019950695951434
1501.json,1501,0.7474333643913269,1.9645982022667328
1502.json,1502,0.6589396595954895,1.4022259069539476
1503.json,1503,0.9215999245643616,7.126926830562044
1504.json,1504,0.6380552649497986,-2.459492763642741
1505.json,1505,0.6150885820388794,2.0756952562834208
1506.json,1506,0.633569061756134,2.0479741890557284
1507.json,1507,0.654335081577301,1.554226749884843
1508.json,1508,0.6243253946304321,1.6303975130292958
1509.json,1509,0.6343498229980469,1.722459087135726
1510.json,1510,0.5946491360664368,1.4194172580724516
1511.json,1511,0.5111451745033264,-2.7284385629630985
1512.json,1512,0.2457805275917053,54.72401012031002
1513.json,1513,0.7580199241638184,1.445864108480542
1514.json,1514,0.7860091924667358,0.9482776421349391
1515.json,1515,0.661096453666687,1.0784552580762927
1516.json,1516,0.4382947683334351,2.924216756175701
1517.json,1517,0.4628468453884125,2.8405207592698107
1518.json,1518,0.6438103914260864,0.6670062673526909
1519.json,1519,0.8022007942199707,1.3584382190223834
1520.json,1520,0.7423242926597595,1.4109154222820264
1521.json,1521,0.7975347638130188,-0.3028714785129329
1522.json,1522,0.865782618522644,-14.464717644604942
1523.json,1523,0.9789756536483764,0.2674908291323188
1524.json,1524,0.980043649673462,-0.6755751464417639
1525.json,1525,0.9619529843330384,-1.4364843785754715
1526.json,1526,0.9423867464065552,0.6306796980953742
1527.json,1527,0.9801928400993348,0.806429952293338
1528.json,1528,0.9645822048187256,0.9939572635701736
1529.json,1529,0.935319483280182,0.9691928245106514
1530.json,1530,0.9231954216957092,0.4967473103731237
1531.json,1531,0.8728314042091371,0.7399440813560876
1532.json,1532,0.9149602055549622,-0.7864737649574369
1533.json,1533,0.9479780793190002,0.8673851244183073
1534.json,1534,0.9295409321784972,-0.5633101935831455
1535.json,1535,0.9585004448890686,0.5452093379446197
1536.json,1536,0.938980758190155,-0.8603771222772902
1537.json,1537,3.3888537883758545,26.46691457441074
1538.json,1538,0.9252975583076476,1.2218281678884697
1539.json,1539,0.9865064024925232,1.3972857362031412
1540.json,1540,1.0572574138641355,1.3361175561406302
1541.json,1541,0.93824303150177,0.300739463185014
1542.json,1542,1.0071840286254885,-4.150301053956059
1543.json,1543,1.054637432098389,-8.646133774568597
1544.json,1544,0.05110080912709236,19.045910609063124
1545.json,1545,0.9412661790847778,-0.9101833826873706
1546.json,1546,0.8711625337600708,0.9700044412001017
1547.json,1547,0.893685519695282,-0.12295998451932902
1548.json,1548,0.9179938435554504,0.875836660754242
1549.json,1549,0.8427616953849792,1.2285371710882522
1550.json,1550,0.7896239161491394,0.9878417306898868
1551.json,1551,0.8673689961433411,0.8563445709106308
1552.json,1552,0.8818885684013367,0.5636735838202753
1553.json,1553,0.8309054970741272,1.197216092174891
1554.json,1554,0.7299307584762573,3.0674807518418383
1555.json,1555,0.8711628317832947,0.5049998847946071
1556.json,1556,0.7608802914619446,-0.034054242733516205
1557.json,1557,0.83417809009552,1.2509759008183272
1558.json,1558,0.7885928750038147,0.9845778896811892
1559.json,1559,0.7097407579421997,1.5950201653023246
1560.json,1560,0.7849082946777344,0.9973561626777148
1561.json,1561,0.7313184142112732,0.4923086693258805
1562.json,1562,0.7705916166305542,0.7885943181864263
1563.json,1563,0.8874509930610657,0.3624981312570856
1564.json,1564,0.8513023257255554,1.0129579481390394
1565.json,1565,0.8784743547439575,0.5185989507520343
1566.json,1566,0.7701937556266785,0.449777492051985
1567.json,1567,0.7359079122543335,1.9020839791420272
1568.json,1568,0.6594660878181458,1.2592386420993391
1569.json,1569,0.6972367763519287,0.7796081121046141
1570.json,1570,0.8226202726364136,0.8478580930966295
1571.json,1571,0.7735435366630554,0.1361537381666693
1572.json,1572,0.791983425617218,1.8598665342914718
1573.json,1573,0.7435026168823242,1.1366112491248597
1574.json,1574,0.6504725217819214,1.2105193476303775
1575.json,1575,0.6586865186691284,0.7532908275838244
1576.json,1576,0.8515366911888123,0.375727060503789
1577.json,1577,0.7661806344985962,1.6701497508502925
1578.json,1578,0.6147174835205078,2.607344185246168
1579.json,1579,0.6300944685935974,1.3945698443949954
1580.json,1580,0.7516593933105469,1.4887576063958559
1581.json,1581,0.8517102599143982,0.7364585104646242
1582.json,1582,0.8086079955101013,1.0715977593729944
1583.json,1583,0.8036965131759644,2.4856416079823784
1584.json,1584,0.9418833255767822,2.0843727085653185
1585.json,1585,0.6060602068901062,1.037036474598727
1586.json,1586,0.6284413933753967,0.8802546082142122
1587.json,1587,0.6127039790153503,1.8562309869308409
1588.json,1588,0.4937013685703278,1.9769151339722209
1589.json,1589,0.5302202701568604,2.0547870870194167
1590.json,1590,0.593798816204071,1.1688178113452006
1591.json,1591,0.5522242188453674,2.092224694268067
1592.json,1592,0.4906299114227295,2.056634118901276
1593.json,1593,0.4515680968761444,-0.7306526683338133
1594.json,1594,0.1446322351694107,62.82501083097159
1595.json,1595,0.8283865451812744,1.5732339343610149
1596.json,1596,0.7704629898071289,1.3667057043978224
1597.json,1597,0.6701194047927856,1.963601868746494
1598.json,1598,0.5565656423568726,2.2958331753941703
1599.json,1599,0.5998881459236145,1.2656284639761222
1600.json,1600,0.5924490690231323,1.2714574255030513
1601.json,1601,0.5442811250686646,2.2154942186521622
1602.json,1602,0.5609689354896545,1.8566541417836555
1603.json,1603,0.5178892016410828,-2.1016864162273508
1604.json,1604,0.04013906419277191,13.943848234022315
1605.json,1605,0.5910574197769165,2.5905008093940585
1606.json,1606,0.521337628364563,3.3440156676389243
1607.json,1607,0.5632883906364441,1.986847633284748
1608.json,1608,0.44809818267822266,-2.33666597492509
1609.json,1609,0.5732719302177429,1.280764467257482
1610.json,1610,0.5749846696853638,1.9277938862656845
1611.json,1611,0.480130136013031,2.1278709324397784
1612.json,1612,0.4334836304187775,3.036052383512243
1613.json,1613,0.688571572303772,2.2116094794260825
1614.json,1614,0.8441361784934998,0.511470041719635
1615.json,1615,0.8228709101676941,1.2765381748536893
1616.json,1616,0.8278658390045166,0.4646710031547458
1617.json,1617,0.8642836809158325,1.0825128346611494
1618.json,1618,0.8576555848121643,1.0807855137589308
1619.json,1619,0.8222016096115112,1.048042513519433
1620.json,1620,0.8077244162559509,1.0652730862718682
1621.json,1621,0.8364518284797668,0.5554804404799709
1622.json,1622,0.8479719161987305,1.4896412560501089
1623.json,1623,0.9544674754142758,0.3962441401842121
1624.json,1624,0.9880514740943908,-0.35228062564735385
1625.json,1625,0.9443348050117492,0.8879676796421858
1626.json,1626,0.9989579319953918,0.5959249592716009
1627.json,1627,0.9919447898864746,-0.1790900253728509
1628.json,1628,1.0098211765289309,-2.7738764559906266
1629.json,1629,0.8355643153190613,1.260727265526555
1630.json,1630,0.8519657254219055,0.4859223715845822
1631.json,1631,0.8436697721481323,0.5705722198917051
1632.json,1632,0.8241947293281555,0.6779570340247432
1633.json,1633,0.8512603044509888,0.6377554042241611
1634.json,1634,0.8878145813941956,0.7307508770141311
1635.json,1635,0.9185828566551208,0.3502612266486356
1636.json,1636,0.9193549752235411,-0.7328506282655232
1637.json,1637,1.0912253856658936,-3.7121870582079173
1638.json,1638,0.9790397882461548,0.15173705942661894
1639.json,1639,1.194058895111084,0.5307779830525772
1640.json,1640,1.1925482749938965,-0.2658477925752265
1641.json,1641,1.1304359436035156,1.5408582913221154
1642.json,1642,0.9894023537635804,-8.744469624881251
1643.json,1643,0.8303982019424438,1.3941758209712587
1644.json,1644,0.8666442632675171,0.8636491595242646
1645.json,1645,0.8548634052276611,0.5044930218856479
1646.json,1646,0.8330170512199402,0.058664444227201074
1647.json,1647,0.8236827254295349,1.3420801239497937
1648.json,1648,0.8231183290481567,0.06246702320363085
1649.json,1649,0.8749106526374817,1.2407773543029172
1650.json,1650,0.8766600489616394,0.4279328586846134
1651.json,1651,0.013627338223159313,
